{
    "name"              : "[COLORorange]Flimmerstube[/COLOR]",
	"plugin" 			: "plugin.video.xstream",
	"priority"          : 200,
	"language"          : "de",
	"is_resolvable"     : "true",
	"assert"            :{
							"play_movie":       ["title", "year"],
							"search_movie":     ["title"] 
						},
	"fallback"			:{
							"play_movie": "xS_GlobalSearch.json search_movie"
						},
    "play_movie" 		:[
							"plugin://plugin.video.xstream/?function=showSearch&site=flimmerstube",
							{"keyboard": "{showname}"},
							{"dialog": "True"}
                        ]
}

