{
    "name"              : "[COLORmagenta]Kinokiste[/COLOR]",
	"plugin" 			: "plugin.video.xstream",
	"priority"          : 90,
	"language"          : "de",
	"is_resolvable"     : "true",
	"assert"            :{
							"play_movie":       ["title", "year"],
							"play_episode":     ["showname", "season", "episode"],
							"search_movie":     ["title"],
							"search_episode":   ["showname"]  
						},
	"fallback"			:{
							"play_movie": "xS_GlobalSearch.json search_movie"
						},
    "play_movie" 		:[
							"plugin://plugin.video.xstream/?function=showSearch&site=kinokiste",
							{"keyboard": "{showname}"},
							{"title": "{showname}"}
						]
}

