{
    "name"              : "[COLORpink]xCine[/COLOR]",
	"plugin" 			: "plugin.video.xstream",
	"priority"          : 180,
	"language"          : "de",
	"is_resolvable"     : "true",
	"assert"            :{
							"play_movie":       ["title", "year"],
							"search_movie":     ["title"] 
						},
	"fallback"			:{
							"play_episode": "xS_GlobalSearch.json search_episode"
						},
    "play_movie" 		:[
							"plugin://plugin.video.xstream/?function=showSearch&site=xcine",
							{"keyboard": "{showname}"},
							{"title": "{showname}"}
                        ]
}

