<?xml version="1.0" encoding="UTF-8" standalone="yes"?>
<addon id="plugin.video.xstream" name="xStream" version="3.5.36" provider-name="xStream-Team">
 <requires>
    <import addon="script.module.requests"/>
    <import addon="script.module.resolveurl" version="5.1.67"/>
    <import addon="script.module.six" version="1.11.0"/>
    <import addon="repository.xstream" optional="true"/>
	  <import addon="repository.resolveurl" optional="true"/>
    <import addon="script.module.inputstreamhelper" version="0.3.3" optional="true"/>
 </requires>
 <extension point="xbmc.python.pluginsource" library="default.py">
   <provides>video</provides>
 </extension>
    <extension point="xbmc.service" library="service.py" start="startup" />
 <extension point="xbmc.addon.metadata">
   <summary lang="de">Watch xStream!</summary>
   <description lang="de">Mit diesem Addon kannst du auf angebotene Streams, verschiedener deutscher Quellen zugreifen.</description>
   <disclaimer lang="de">Die von diesem Addon dargestellten Inhalte werden von den Erstellern des Addons weder gehostet oder verbreitet, noch stehen die Ersteller in irgendeiner Beziehung zu den Content-Anbietern.</disclaimer>
   <source>https://github.com/streamxstream/plugin.video.xstream</source>
   <license>GNU GPLv3</license>
   <platform>all</platform>
   <news>
3.5.36
  27.10.22
  - [PY2]			Abschluss! Die PY2/3 Version wird für Kodi nicht mehr als Nightly verfügbar sein und eingestellt!
  - [HDFilme]		Domain Update
  - [service.py] 	Update xS fixed
  - [Kinoger]		Fix Streamsb
  - [KinoKiste.Tech]Domain Fix für Suchfunktion, Qualität Anzeige aus der Webseite hinzugefügt, Demnächst im Kino entfernt, Filme für Kinder hinzugefügt
  - [MegaKino] 		Regex überarbeitet, Qualität Anzeige aus der Webseite hinzugefügt, Dokumentationen hinzugefügt
  - [Kinofox] 		Qualität Anzeige aus der Webseite hinzugefügt
  - [Kinomax] 		Domain Fix für Suchfunktion
  - [KKiste] 		Domain Fix für Suchfunktion, Menü überarbeitet, Youtube Hoster aktiviert wegen Dokus
  - [Movieking] 	Qualität Anzeige aus der Webseite hinzugefügt
  - [Hoster] 		KinoKiste deaktiviert
  - [Movie4k]		Domain Fix für Suchfunktion, Qualität Anzeige aus der Webseite hinzugefügt
  - [updatemanager.py] Fix Py2
  - [Flimmerstube]	Erweiterter Fix für Filme mit Direktlink
  - [hdfilme.top] 	Menüpunkt Kategorien gefixt THX @Litti_19928
  - [xCine.top] 	hinzugefügt
  - [Flimmerstube] 	Einige Filme konnten nicht abgespielt werden
  - [XCine] 		entfernt
  - [Domain] 		Updates von HDFilme, Kinomax, KKiste
  - [Icons]			Einige Site-Icons erneuert. Alle Icons sind jetzt 512x512px. THX @peat80
   </news>
   <assets>
     <icon>icon.png</icon>
     <fanart>fanart.jpg</fanart>
     <screenshot>resources/art/screenshot.jpg</screenshot>
   </assets>
 </extension>
</addon>
